,Name,Result
0,Mohamed FARAH,25:05.17
1,Paul Kipngetich TANUI,27:05.64
2,Tamirat TOLA,27:06.26
3,Kenenisa BEKELE,27:01.17
4,Sileshi SIHINE,27:02.77
5,Micah KOGO,27:04.11
6,Haile GEBRSELASSIE,27:18.20
7,Paul TERGAT,27:18.29
8,Assefa MEZGEBU,27:19.75
9,Khalid SKAH,27:46.70
10,Richard CHELIMO,27:47.72
11,Addis ABEBE,28:00.07
12,Alberto COVA,27:47.54
13,Michael MCLEOD,28:06.22
14,Michael MUSYOKI,28:06.46
15,Lasse VIREN,27:40.38
16,Carlos LOPES,27:45.17
17,Brendan FOSTER,27:54.92
18,Naftali TEMU,29:27.4
19,Mamo WOLDE,29:28.0
20,Mohamed GAMMOUDI,29:34.2
21,Pyotr BOLOTNIKOV,28:32.2
22,Hans GRODOTZKI,28:37.0
23,David POWER,28:38.2
24,Emil ZÃTOPEK,29:17.0
25,Alain MIMOUN,29:32.8
26,Aleksandr ANUFRIYEV,29:48.2
27,Ilmari SALMINEN,30:15.4
28,Arvo ASKOLA,30:15.6
29,Volmari ISO-HOLLO,30:20.2
30,Paavo NURMI,30:18.8
31,Ville RITOLA,30:19.4
32,Edvin WIDE,31:00.8
33,Paavo NURMI,31:45.8
34,Joseph GUILLEMOT,31:47.2
35,James WILSON,31:50.8
36,Mohamed FARAH,27:30.42
37,Galen RUPP,27:30.90
38,Tariku BEKELE,27:31.43
39,Kenenisa BEKELE,27:05.10
40,Sileshi SIHINE,27:09.39
41,Zersenay TADESE,27:22.57
42,Haile GEBRSELASSIE,27:07.34
43,Paul TERGAT,27:08.17
44,Salah HISSOU,27:24.67
45,Miruts YIFTER,27:42.7
46,Kaarlo MAANINKA,27:44.3
47,Mohammed KEDIR,27:44.7
48,Lasse VIREN,27:38.35
49,Emiel PUTTEMANS,27:39.58
50,Miruts YIFTER,27:40.96
51,Billy MILLS,28:24.4
52,Mohamed GAMMOUDI,28:24.8
53,Ron CLARKE,28:25.8
54,Vladimir KUTS,28:45.6
55,JÃ³zsef KOVÃCS,28:52.4
56,Allan LAWRENCE,28:53.6
57,Emil ZÃTOPEK,29:59.6
58,Alain MIMOUN,30:47.4
59,Bertil ALBERTSSON,30:53.6
60,Janusz KUSOCINSKI,30:11.4
61,Volmari ISO-HOLLO,30:12.6
62,Lauri VIRTANEN,30:35.0
63,Ville RITOLA,30:23.2
64,Edvin WIDE,30:55.2
65,Eero BERG,31:43.0
66,Hannes KOLEHMAINEN,31:20.8
67,Lewis TEWANIMA,32:06.6
68,Albin STENROOS,32:21.8
69,Usain BOLT,9.81
70,Justin GATLIN,9.89
71,Andre DE GRASSE,9.91
72,Usain BOLT,9.69
73,Richard THOMPSON,9.89
74,Walter DIX,9.91
75,Maurice GREENE,9.87
76,Ato BOLDON,9.99
77,Obadele THOMPSON,10.04
78,Linford CHRISTIE,9.96
79,Frank FREDERICKS,10.02
80,Dennis MITCHELL,10.04
81,Carl LEWIS,9.99
82,Sam GRADDY,10.19
83,Ben JOHNSON,10.22
84,Hasely CRAWFORD,10.06
85,Donald QUARRIE,10.08
86,Valery BORZOV,10.14
87,Jim HINES,9.9
88,Lennox MILLER,10.0
89,Charlie GREENE,10.0
90,Armin HARY,10.2
91,Dave SIME,10.2
92,Peter RADFORD,10.3
93,Lindy REMIGINO,10.4
94,Herbert MCKENLEY,10.4
95,Emmanuel McDONALD BAILEY,10.4
96,Jesse OWENS,10.3
97,Ralph METCALFE,10.4
98,Martinus OSENDARP,10.5
99,Percy WILLIAMS,10.8
100,Jack LONDON,10.9
101,Georg LAMMERS,10.9
102,Charles PADDOCK,10.8
103,Morris KIRKSEY,10.8
104,Harry EDWARD,10.9
105,Reggie WALKER,10.8
106,John RECTOR,
107,Robert KERR,
108,Frank JARVIS,11.0
109,Walter TEWKSBURY,11.1
110,Stanley ROWLEY,11.2
111,Usain BOLT,9.63
112,Yohan BLAKE,9.75
113,Justin GATLIN,9.79
114,Justin GATLIN,9.85
115,Francis OBIKWELU,9.86
116,Maurice GREENE,9.87
117,Donovan BAILEY,9.84
118,Frank FREDERICKS,9.89
119,Ato BOLDON,9.9
120,Allan WELLS,10.25
121,Silvio LEONARD SARRIA,10.25
122,Peter PETROV,10.39
123,Valery BORZOV,10.14
124,Robert TAYLOR,10.24
125,Lennox MILLER,10.33
126,Bob HAYES,10.0
127,Enrique FIGUEROLA,10.2
128,Harry JEROME,10.2
129,Bobby MORROW,10.5
130,Thane BAKER,10.5
131,Hector HOGAN,10.6
132,Harrison DILLARD,10.3
133,Barney EWELL,10.4
134,Lloyd LABEACH,10.6
135,Eddie TOLAN,10.3
136,Ralph METCALFE,10.3
137,Arthur JONATH,10.4
138,Harold ABRAHAMS,10.6
139,Jackson SCHOLZ,10.7
140,Arthur PORRITT,10.8
141,Ralph CRAIG,10.8
142,Alvah MEYER,10.9
143,Donald LIPPINCOTT,10.9
144,Archie HAHN,11.0
145,Nate CARTMELL,11.2
146,William HOGENSON,11.2
147,Thomas BURKE,12.0
148,Fritz HOFMANN,12.2
149,Alajos SZOKOLYI,12.6
150,Francis LANE,12.6
151,Omar MCLEOD,13.05
152,Orlando ORTEGA,13.17
153,Dimitri BASCOU,13.24
154,Dayron ROBLES,12.93
155,David PAYNE,13.17
156,David OLIVER,13.18
157,Anier GARCIA,13.0
158,Terrence TRAMMELL,13.16
159,Mark CREAR,13.22
160,Mark MCKOY,13.12
161,Tony DEES,13.24
162,Jack PIERCE,13.26
163,Roger KINGDOM,13.2
164,Greg FOSTER,13.23
165,Arto BRYGGARE,13.4
166,Guy DRUT,13.3
167,Alejandro CASAÃAS,13.33
168,Willie DAVENPORT,13.38
169,Willie DAVENPORT,13.3
170,Ervin HALL,13.4
171,Eddy OTTOZ,13.4
172,Lee CALHOUN,13.8
173,Willie MAY,13.8
174,Hayes JONES,14.0
175,Harrison DILLARD,13.7
176,Jack DAVIS,13.7
177,Arthur BARNARD,14.1
178,Forrest TOWNS,14.2
179,Donald FINLAY,14.4
180,Fritz POLLARD,14.4
181,Sidney ATKINSON,14.8
182,Steve ANDERSON,14.8
183,John COLLIER,14.9
184,Earl THOMSON,14.8
185,Harold BARRON,15.1
186,Frederick MURRAY,15.1
187,Forrest SMITHSON,15.0
188,John GARRELLS,15.7
189,Arthur SHAW,
190,Alvin KRAENZLEIN,15.4
191,John MCLEAN,15.5
192,Frederick MOLONEY,15.6
193,Aries MERRITT,12.92
194,Jason RICHARDSON,13.04
195,Hansle PARCHMENT,13.12
196,Xiang LIU,12.91
197,Terrence TRAMMELL,13.18
198,Anier GARCIA,13.2
199,Allen JOHNSON,12.95
200,Mark CREAR,13.09
201,Florian SCHWARTHOFF,13.17
202,Thomas MUNKELT,13.39
203,Alejandro CASAÃAS,13.4
204,Aleksandr PUCHKOV,13.44
205,Rod MILBURN,13.24
206,Guy DRUT,13.34
207,Thomas HILL,13.48
208,Hayes JONES,13.6
209,Blaine LINDGREN,13.7
210,Anatoly MIKHAYLOV,13.7
211,Lee CALHOUN,13.5
212,Jack DAVIS,13.5
213,Joel SHANKLE,14.1
214,Bill PORTER,13.9
215,Clyde SCOTT,14.1
216,Craig DIXON,14.1
217,George SALING,14.6
218,Percy BEARD,14.7
219,Donald FINLAY,14.8
220,Daniel KINSEY,15.0
221,Sidney ATKINSON,15.0
222,Sten PETTERSSON,15.4
223,Frederick KELLY,15.1
224,James WENDELL,15.2
225,Martin HAWKINS,15.3
226,Frederick SCHULE,16.0
227,Thaddeus SHIDELER,16.3
228,Lesley ASHBURNER,16.4
229,Thomas CURTIS,17.6
230,Grantley GOULDING,17.7
231,Matthew CENTROWITZ,3:50.00
232,Taoufik MAKHLOUFI,3:50.11
233,Nicholas WILLIS,3:50.24
234,Asbel Kipruto KIPROP,3:33.11
235,Nicholas WILLIS,3:34.16
236,Medhi BAALA,3:34.21
237,Noah Kiprono NGENYI,03:32.07
238,Hicham EL GUERROUJ,03:32.32
239,Bernard LAGAT,03:32.44
240,Fermin CACHO RUIZ,3:40.12
241,Rachid EL BASIR,3:40.62
242,Mohamed Ahmed SULAIMAN,3:40.69
243,Sebastian COE,3:32.53
244,Steve CRAM,3:33.40
245,JosÃ© Manuel ABASCAL,3:34.30
246,John George WALKER,3:39.17
247,Ivo VAN DAMME,3:39.27
248,Paul-Heinz WELLMANN,3:39.33
249,Kip KEINO,3:34.9
250,Jim RYUN,3:37.8
251,Bodo TÃMMLER,3:39.0
252,Herb ELLIOTT,3:35.6
253,Michel JAZY,3:38.4
254,IstvÃ¡n RÃZSAVÃLGYI,3:39.2
255,Joseph BARTHEL,3:45.2
256,Robert MCMILLEN,3:45.2
257,Werner LUEG,3:45.4
258,John LOVELOCK,3:47.8
259,Glenn CUNNINGHAM,3:48.4
260,Luigi BECCALI,3:49.2
261,Harri LARVA,3:53.2
262,Jules LADOUMEGUE,3:53.8
263,Eino PURJE,3:56.4
264,Albert HILL,4:01.8
265,Philip BAKER,4:02.4
266,Lawrence SHIELDS,4:03.1
267,Melvin SHEPPARD,4:03.4
268,Harold WILSON,4:03.6
269,Norman HALLOWS,4:04.0
270,Charles BENNETT,4:06.2
271,Henri DELOGE,4:06.6
272,John BRAY,4:07.2
273,Taoufik MAKHLOUFI,3:34.08
274,Leonel MANZANO,3:34.79
275,Abdalaati IGUIDER,3:35.13
276,Hicham EL GUERROUJ,3:34.18
277,Bernard LAGAT,3:34.30
278,Rui SILVA,3:34.68
279,Noureddine MORCELI,3:35.78
280,Fermin CACHO RUIZ,3:36.40
281,Stephen KIPKORIR,3:36.72
282,Sebastian COE,3:38.4
283,JÃ¼rgen STRAUB,3:38.8
284,Steve OVETT,3:39.0
285,Pekka VASALA,3:36.33
286,Kip KEINO,3:36.81
287,Rodney DIXON,3:37.46
288,Peter SNELL,3:38.1
289,Josef ODLOZIL,3:39.6
290,John DAVIES,3:39.6
291,Ron DELANY,3:41.2
292,Klaus RICHTZENHAIN,3:42.0
293,John LANDY,3:42.0
294,Henry ERIKSSON,3:49.8
295,Lennart STRAND,3:50.4
296,Willem SLIJKHUIS,3:50.4
297,Luigi BECCALI,3:51.2
298,John CORNES,3:52.6
299,Philip EDWARDS,
300,Paavo NURMI,3:53.6
301,Willy SCHÃRER,3:55.0
302,Henry STALLARD,3:55.6
303,Arnold JACKSON,3:56.8
304,Abel KIVIAT,3:56.9
305,Norman TABER,3:56.9
306,James LIGHTBODY,4:05.4
307,William VERNER,4:06.8
308,Lacey HEARN,
309,Edwin FLACK,4:33.2
310,Arthur BLAKE,4:34.0
311,Albin LERMUSIAUX,4:36.0
312,Usain BOLT,19.78
313,Andre DE GRASSE,20.02
314,Christophe LEMAITRE,20.12
315,Usain BOLT,19.30
316,Shawn CRAWFORD,19.96
317,Walter DIX,19.98
318,Kostas KENTERIS,20.09
319,Darren CAMPBELL,20.14
320,Ato BOLDON,20.2
321,Michael MARSH,20.01
322,Frank FREDERICKS,20.13
323,Michael BATES,20.38
324,Carl LEWIS,19.8
325,Kirk BAPTISTE,19.96
326,Thomas JEFFERSON,20.26
327,Donald QUARRIE,20.23
328,Millard Frank Jr. HAMPTON,20.29
329,Dwayne Eugene EVANS,20.43
330,Tommie SMITH,19.8
331,Peter NORMAN,20.0
332,John CARLOS,20.0
333,Livio BERRUTI,20.5
334,Lester Nelson CARNEY,20.6
335,Abdoulaye SEYE,20.7
336,Andy STANFIELD,20.7
337,Thane BAKER,20.8
338,James GATHERS,20.8
339,Jesse OWENS,20.7
340,Matthew Mackenzie ROBINSON,21.1
341,Martinus OSENDARP,21.3
342,Percy WILLIAMS,21.8
343,Walter RANGELEY,21.9
344,Helmut KÃRNIG,21.9
345,Allen WOODRING,22.0
346,Charles PADDOCK,22.1
347,Harry EDWARD,22.2
348,Robert KERR,22.6
349,Robert CLOUGHEN,
350,Nate CARTMELL,
351,Walter TEWKSBURY,22.2
352,Norman PRITCHARD,22.8
353,Stanley ROWLEY,22.9
354,Usain BOLT,19.32
355,Yohan BLAKE,19.44
356,Warren WEIR,19.84
357,Shawn CRAWFORD,19.79
358,Bernard WILLIAMS III,20.01
359,Justin GATLIN,20.03
360,Michael JOHNSON,19.32
361,Frank FREDERICKS,19.68
362,Ato BOLDON,19.8
363,Pietro MENNEA,20.19
364,Allan WELLS,20.21
365,Donald QUARRIE,20.29
366,Valery BORZOV,20.0
367,Larry BLACK,20.19
368,Pietro MENNEA,20.3
369,Henry CARR,20.3
370,Paul DRAYTON,20.5
371,Edwin ROBERTS,20.6
372,Bobby MORROW,20.6
373,Andy STANFIELD,20.7
374,Thane BAKER,20.9
375,Mel PATTON,21.1
376,Barney EWELL,21.1
377,Lloyd LABEACH,21.2
378,Eddie TOLAN,21.2
379,George SIMPSON,21.4
380,Ralph METCALFE,21.5
381,Jackson SCHOLZ,21.6
382,Charles PADDOCK,21.7
383,Eric LIDDELL,21.9
384,Ralph CRAIG,21.7
385,Donald LIPPINCOTT,21.8
386,William APPLEGARTH,22.0
387,Archie HAHN,21.6
388,Nate CARTMELL,21.9
389,William HOGENSON,
390,Zhen WANG,1:19:14
391,Zelin CAI,1:19:26
392,Dane BIRD-SMITH,1:19:37
393,Valeriy BORCHIN,1h19:01
394,Jefferson PEREZ,1h19:15
395,Jared TALLENT,1h19:42
396,Robert KORZENIOWSKI,01h18:59
397,Noe HERNANDEZ,01h19:03
398,Vladimir ANDREYEV,01h19:27
399,Daniel PLAZA,1:21:45
400,Guillaume LEBLANC,1:22:25
401,Giovanni DE BENEDICTIS,1:23:11
402,Ernesto CANTO,1:23:13
403,RaÃºl GONZÃLEZ,1:23:20
404,Maurizio DAMILANO,1:23:26
405,Daniel BAUTISTA ROCHA,1:24:40.6
406,Hans REIMANN,1:25:13.8
407,Peter FRENKEL,1:25:29.4
408,Vladimir GOLUBNICHY,1:33:58.4
409,JosÃ© PEDRAZA,1:34:00.0
410,Nikolay SMAGA,1:34:03.4
411,Vladimir GOLUBNICHY,1:34:07.2
412,Noel FREEMAN,1:34:16.4
413,Stanley Frank VICKERS,1:34:56.4
414,Ding CHEN,1:18:46
415,Erick BARRONDO,1:18:57
416,Zhen WANG,1:19:25
417,Ivano BRUGNETTI,1h19:40
418,Francisco Javier FERNANDEZ,1h19:45
419,Nathan DEAKES,1h20:02
420,Jefferson PEREZ,1:20:07
421,Ilya MARKOV,1:20:16
422,Bernardo SEGURA,1:20:23
423,Jozef PRIBILINEC,1:19:57
424,Ronald WEIGEL,1:20:00
425,Maurizio DAMILANO,1:20:14
426,Maurizio DAMILANO,1:23:35.5
427,Piotr POCHINCHUK,1:24:45.4
428,Roland WIESER,1:25:58.2
429,Peter FRENKEL,1:26:42.4
430,Vladimir GOLUBNICHY,1:26:55.2
431,Hans REIMANN,1:27:16.6
432,Kenneth Joseph MATTHEWS,1:29:34.0
433,Dieter LINDNER,1:31:13.2
434,Vladimir GOLUBNICHY,1:31:59.4
435,Leonid SPIRIN,1:31:27.4
436,Antanas MIKENAS,1:32:03.0
437,Bruno JUNK,1:32:12.0
438,Conseslus KIPRUTO,8:03.28
439,Evan JAGER,8:04.28
440,Mahiedine MEKHISSI,8:11.52
441,Brimin Kiprop KIPRUTO,8:10.34
442,Mahiedine MEKHISSI-BENABBAD,8:10.49
443,Richard Kipkemboi MATEELONG,8:11.01
444,Reuben KOSGEI,08:21.43
445,Wilson Boit KIPKETER,08:21.77
446,Ali EZZINE,08:22.15
447,Matthew BIRIR,8:08.84
448,Patrick SANG,8:09.55
449,William MUTWOL,8:10.74
450,Julius KORIR,8:11.80
451,Joseph MAHMOUD,8:13.31
452,Brian Lee DIEMER,8:14.06
453,Anders GARDERUD,8:08.02
454,Bronislaw MALINOWSKI,8:09.11
455,Frank BAUMGARTL,8:10.36
456,Amos BIWOTT,8:51.0
457,Benjamin KOGO,8:51.6
458,George YOUNG,8:51.8
459,Zdzislaw KRZYSZKOWIAK,8:34.2
460,Nikolay SOKOLOV,8:36.4
461,Semyon RZISHCHIN,8:42.2
462,Horace ASHENFELTER,08:45.4
463,Vladimir KAZANTSEV,08:51.6
464,John DISLEY,08:51.8
465,Volmari ISO-HOLLO,9:03.8
466,Kaarlo Jalmari TUOMINEN,9:06.8
467,Alfred DOMPERT,9:07.2
468,Toivo LOUKOLA,9:21.8
469,Paavo NURMI,9:31.2
470,Ove ANDERSEN,9:35.6
471,Percy HODGE,10:00.4
472,Patrick FLYNN,
473,Ernesto AMBROSINI,
474,George ORTON,7:34.4
475,Sidney ROBINSON,7:38.0
476,Jean CHASTANIE,
477,Ezekiel KEMBOI,8:18.56
478,Mahiedine MEKHISSI-BENABBAD,8:19.08
479,Abel Kiprop MUTAI,8:19.73
480,Ezekiel KEMBOI,8:05.81
481,Brimin Kiprop KIPRUTO,8:06.11
482,Paul Kipsiele KOECH,8:06.64
483,Joseph KETER,8:07.12
484,Moses KIPTANUI,8:08.33
485,Alessandro LAMBRUSCHINI,8:11.28
486,Bronislaw MALINOWSKI,08:09.7
487,Filbert BAYI,08:12.5
488,Eshetu TURA,08:13.6
489,Kip KEINO,8:23.64
490,Ben JIPCHO,8:24.62
491,Tapio KANTANEN,8:24.66
492,Gaston ROELANTS,8:30.8
493,Maurice HERRIOTT,8:32.4
494,Ivan BELYAEV,8:33.8
495,Christopher William BRASHER,8:41.2
496,SÃÂ¡ndor ROZSNYÃ?I,8:43.6
497,Ernst LARSEN,8:44.0
498,Tore SJÃSTRAND,9:04.6
499,Fritz Erik ELMSÃ?TER,9:08.2
500,Gote Ernst HAGSTROM,9:11.8
501,Volmari ISO-HOLLO,10:33.4
502,Thomas EVENSON,10:46.0
503,Joseph MCCLUSKEY,10:46.2
504,Ville RITOLA,9:33.6
505,Elias KATZ,9:44.0
506,Paul BONTEMPS,9:45.2
507,James LIGHTBODY,7:39.6
508,John DALY,7:40.6
509,Arthur NEWTON,
510,Kerron CLEMENT,47.73
511,Boniface MUCHERU,47.78
512,Yasmani COPELLO,47.92
513,Angelo TAYLOR,47.25
514,Kerron CLEMENT,47.98
515,Bershawn JACKSON,48.06
516,Angelo TAYLOR,47.5
517,Hadi Soua An AL SOMAILY,47.53
518,Llewellyn HERBERT,47.81
519,Kevin YOUNG,46.78
520,Winthrop GRAHAM,47.66
521,Kriss AKABUSI,47.82
522,Edwin MOSES,47.75
523,Danny HARRIS,48.13
524,Harald SCHMID,48.19
525,Edwin MOSES,47.64
526,Michael Lyle SHINE,48.69
527,Yevgeni GAVRILENKO,49.45
528,David HEMERY,48.1
529,Gerhard HENNIGE,49.0
530,John SHERWOOD,49.0
531,Glenn DAVIS,49.3
532,Clifton Emmett CUSHMAN,49.6
533,Richard HOWARD,49.7
534,Charles Hewes Jr. MOORE,50.8
535,Yury Nikolayevich LITUYEV,51.3
536,John Macfarlane HOLLAND,52.2
537,Glenn HARDIN,52.4
538,John LOARING,52.7
539,Miguel WHITE,52.8
540,David George BURGHLEY,53.4
541,Frank CUHEL,53.6
542,Morgan TAYLOR,53.6
543,Frank LOOMIS,0:54.0
544,John NORTON,54.6
545,August DESCH,54.7
546,Harry HILLMAN,53.0
547,Frank WALLER,53.2
548,George POAGE,
549,Felix SANCHEZ,47.63
550,Michael TINSLEY,47.91
551,Javier CULSON,48.1
552,Felix SANCHEZ,47.63
553,Danny MCFARLANE,48.11
554,Naman KEITA,48.26
555,Derrick ADKINS,47.54
556,Samuel MATETE,47.78
557,Calvin DAVIS,47.96
558,Volker BECK,48.7
559,Vasili ARKHIPENKO,48.86
560,Gary OAKES,49.11
561,John AKII-BUA,47.82
562,Ralph MANN,48.51
563,David HEMERY,48.52
564,Warren (Rex) Jay CAWLEY,49.6
565,John COOPER,50.1
566,Salvatore MORALE,50.1
567,Glenn DAVIS,50.1
568,Eddie SOUTHERN,50.8
569,Josh CULBREATH,51.6
570,Roy Braxton COCHRAN,51.1
571,Duncan WHITE,51.8
572,Rune LARSSON,52.2
573,Robert Morton Newburgh TISDALL,51.8
574,Glenn HARDIN,51.9
575,Morgan TAYLOR,52.0
576,Morgan TAYLOR,52.6
577,Erkka WILEN,53.8
578,Ivan RILEY,54.2
579,Charles BACON,55.0
580,Harry HILLMAN,
581,Leonard Francis TREMEER,
582,Walter TEWKSBURY,57.6
583,Henri TAUZIN,58.3
584,George ORTON,
585,Wayde VAN NIEKERK,43.03
586,Kirani JAMES,43.76
587,Lashawn MERRITT,43.85
588,Lashawn MERRITT,43.75
589,Jeremy WARINER,44.74
590,David NEVILLE,44.8
591,Michael JOHNSON,43.84
592,Alvin HARRISON,44.4
593,Greg HAUGHTON,44.7
594,Quincy WATTS,43.5
595,Steve LEWIS,44.21
596,Samson KITUR,44.24
597,Alonzo BABERS,44.27
598,Gabriel TIACOH,44.54
599,Antonio MCKAY,44.71
600,Alberto JUANTORENA,44.26
601,Frederick Vaughn NEWHOUSE,44.4
602,Herman Ronald FRAZIER,44.95
603,Lee EVANS,43.8
604,Larry JAMES,43.9
605,Ron FREEMAN,44.4
606,Otis DAVIS,44.9
607,Carl KAUFMANN,44.9
608,Malcolm SPENCE,45.5
609,George RHODEN,45.9
610,Herbert MCKENLEY,45.9
611,Ollie MATSON,46.8
612,Archibald Franklin WILLIAMS,46.5
613,Godfrey BROWN,46.7
614,James Ellis LU VALLE,46.8
615,Raymond James BARBUTI,47.8
616,James BALL,48.0
617,Joachim BÃCHNER,48.2
618,Bevil RUDD,0:49.6
619,Guy BUTLER,0:49.9
620,Nils ENGDAHL,0:50.0
621,Wyndham HALSWELLE,50.0
622,Maxwell Warburn LONG,49.4
623,William HOLLAND,49.6
624,Ernst SCHULTZ,
625,Kirani JAMES,43.94
626,Luguelin SANTOS,44.46
627,Lalonde GORDON,44.52
628,Jeremy WARINER,44.0
629,Otis HARRIS,44.16
630,Derrick BREW,44.42
631,Michael JOHNSON,43.49
632,Roger BLACK,44.41
633,Davis KAMOGA,44.53
634,Viktor MARKIN,44.6
635,Rick MITCHELL,44.84
636,Frank SCHAFFER,44.87
637,Vince MATTHEWS,44.66
638,Wayne COLLETT,44.8
639,Julius SANG,44.92
640,Mike LARRABEE,45.1
641,Wendell MOTTLEY,45.2
642,Andrzej BADENSKI,45.6
643,Charles JENKINS,46.7
644,Karl-Friedrich HAAS,46.8
645,Voitto HELLSTEN,47.0
646,Ardalion IGNATYEV,47.0
647,Arthur WINT,46.2
648,Herbert MCKENLEY,46.4
649,Mal WHITFIELD,46.9
650,William Arthur CARR,46.2
651,Benjamin Bangs EASTMAN,46.4
652,Alex WILSON,47.4
653,Eric LIDDELL,47.6
654,Horatio FITCH,48.4
655,Guy BUTLER,48.6
656,Charles REIDPATH,0:48.2
657,Hanns BRAUN,0:48.3
658,Edward LINDBERG,0:48.4
659,Harry HILLMAN,49.2
660,Frank WALLER,49.9
661,Herman GROMAN,50.0
662,Thomas BURKE,54.2
663,Herbert JAMISON,55.2
664,Charles GMELIN,55.6
665,,37.27
666,,37.6
667,,37.64
668,,38.06
669,,38.15
670,,37.61
671,,37.9
672,,38.04
673,,37.4
674,,37.98
675,,38.0
676,,37.83
677,,38.62
678,,38.7
679,,38.33
680,,38.66
681,,38.78
682,,38.2
683,,38.3
684,,38.4
685,,39.5
686,,40.1
687,,40.2
688,,40.1
689,,40.3
690,,40.5
691,,39.8
692,,41.1
693,,41.2
694,,41.0
695,,
696,,
697,,0:42.2
698,,0:42.6
699,,0:42.9
700,,36.84
701,,38.12
702,,38.16
703,,38.07
704,,38.08
705,,38.23
706,,37.69
707,,38.05
708,,38.41
709,,38.26
710,,38.33
711,,38.53
712,,38.19
713,,38.5
714,,38.79
715,,39.0
716,,39.3
717,,39.3
718,,39.5
719,,39.8
720,,40.3
721,,40.6
722,,41.3
723,,41.5
724,,40.0
725,,40.9
726,,41.2
727,,41.0
728,,41.2
729,,41.8
730,,0:42.4
731,,0:42.6
732,,
733,,
734,,
735,,2:55.39
736,,2:58.03
737,,02:58.68
738,,02:58.78
739,,02:59.23
740,,2:55.74
741,,2:59.51
742,,2:59.73
743,,2:57.91
744,,2:59.13
745,,2:59.32
746,,2:58.65
747,,3:01.43
748,,3:01.98
749,,2:56.1
750,,2:59.6
751,,3:00.5
752,,3:02.2
753,,3:02.7
754,,3:04.0
755,,3:03.9
756,,3:04.0
757,,3:06.6
758,,3:09.0
759,,3:11.0
760,,3:11.8
761,,3:14.2
762,,
763,,
764,,3:22.2
765,,3:23.0 est
766,,3:23.5 est
767,,3:29.4
768,,
769,,
770,,2:56.72
771,,2:57.05
772,,2:59.40
773,,2:55.91
774,,3:00.60
775,,3:00.90
776,,2:55.99
777,,2:56.60
778,,2:59.42
779,,3:01.1
780,,3:01.3
781,,3:04.3
782,,2:59.8
783,,3:00.5
784,,3:00.7
785,,3:00.7
786,,3:01.6
787,,3:01.7
788,,3:04.8
789,,3:06.2
790,,3:07.2
791,,3:10.4
792,,3:14.8
793,,3:16.0
794,,3:08.2
795,,3:11.2
796,,3:12.8
797,,3:16.00
798,,3:17.00
799,,3:17.40
800,,3:16.6
801,,3:20.7
802,,3:23.2
803,Mohamed FARAH,13:03.30
804,Paul Kipkemoi CHELIMO,13:03.90
805,Hagos GEBRHIWET,13:04.35
806,Kenenisa BEKELE,12:57.82
807,Eliud Kipchoge ROTICH,13:02.80
808,Edwin Cheruiyot SOI,13:06.22
809,Millon WOLDE,13:35.49
810,Ali SAIDI-SIEF,13:36.20
811,Brahim LAHLAFI,13:36.47
812,Dieter BAUMANN,13:12.52
813,Paul BITOK,13:12.71
814,Fita BAYISSA,13:13.03
815,SaÃ¯d AOUITA,13:05.59
816,Markus RYFFEL,13:07.54
817,AntÃ³nio LEITÃO,13:09.20
818,Lasse VIREN,13:24.76
819,Dick Theodorus QUAX,13:25.16
820,Klaus-Peter HILDENBRAND,13:25.38
821,Mohamed GAMMOUDI,14:05.0
822,Kip KEINO,14:05.2
823,Naftali TEMU,14:06.4
824,Murray HALBERG,13:43.4
825,Hans GRODOTZKI,13:44.6
826,Kazimierz ZIMNY,13:44.8
827,Emil ZÃTOPEK,14:06.6
828,Alain MIMOUN,14:07.4
829,Herbert SCHADE,14:08.6
830,Gunnar HÃCKERT,14:22.2
831,Lauri LEHTINEN,14:25.8
832,Henry JONSSON-KÃLARNE,14:29.0
833,Ville RITOLA,14:38.0
834,Paavo NURMI,14:40.0
835,Edvin WIDE,14:41.2
836,Joseph GUILLEMOT,14:55.6
837,Paavo NURMI,15:00.0
838,Eric BACKMAN,15:13.0
839,Mohamed FARAH,13:41.66
840,Dejen GEBREMESKEL,13:41.98
841,Thomas Pkemei LONGOSIWA,13:42.36
842,Hicham EL GUERROUJ,13:14.39
843,Kenenisa BEKELE,13:14.59
844,Eliud Kipchoge ROTICH,13:15.10
845,Venuste NIYONGABO,13:07.96
846,Paul BITOK,13:08.16
847,Khalid BOULAMI,13:08.37
848,Miruts YIFTER,13:21.0
849,Suleiman NYAMBUI,13:21.6
850,Kaarlo MAANINKA,13:22.0
851,Lasse VIREN,13:26.42
852,Mohamed GAMMOUDI,13:27.33
853,Ian STEWART,13:27.61
854,Robert Keyser SCHUL,13:48.8
855,Harald NORPOTH,13:49.6
856,Bill DELLINGER,13:49.8
857,Vladimir KUTS,13:39.6
858,Gordon PIRIE,13:50.6
859,Derek IBBOTSON,13:54.4
860,Gaston REIFF,14:17.6
861,Emil ZÃTOPEK,14:17.8
862,Willem SLIJKHUIS,14:26.8
863,Lauri LEHTINEN,14:30.0
864,Ralph HILL,14:30.0
865,Lauri VIRTANEN,14:44.0
866,Paavo NURMI,14:31.2
867,Ville RITOLA,14:31.4
868,Edvin WIDE,15:01.8
869,Hannes KOLEHMAINEN,14:36.6
870,Jean BOUIN,14:36.7
871,George HUTSON,15:07.6
872,Matej TOTH,3:40:58
873,Jared TALLENT,3:41:16
874,Hirooki ARAI,3:41:24
875,Alex SCHWAZER,3h37:09
876,Jared TALLENT,3h39:27
877,Denis NIZHEGORODOV,3h40:14
878,Robert KORZENIOWSKI,03h42:22
879,Aigars FADEJEVS,03h43:40
880,Joel SANCHEZ GUERRERO,03h44:36
881,Andrey PERLOV,3:50:13
882,Carlos MERCENARIO,3:52:09
883,Ronald WEIGEL,3:53:45
884,RaÃºl GONZÃLEZ,3:47:26
885,Bo GUSTAFSSON,3:53:19
886,Sandro BELLUCCI,3:53:45
887,Bernd KANNENBERG,3:56:11.6
888,Veniamin SOLDATENKO,3:58:24.0
889,Larry YOUNG,4:00:46.0
890,Abdon PAMICH,4:11:12.4
891,Paul Vincent NIHILL,4:11:31.2
892,Ingvar PETTERSSON,4:14:17.4
893,Norman READ,4:30:42.8
894,Yevgeni MASKINSKOV,4:32:57.0
895,John LJUNGGREN,4:35:02.0
896,John LJUNGGREN,4:41:52
897,Gaston GODEL,4:48:17
898,Terence Lloyd JOHNSON,4:48:31
899,Thomas William GREEN,4:50:10
900,Janis DALINS,4:57:20
901,Ugo FRIGERIO,4:59:06
902,Jared TALLENT,3:36:53
903,Tianfeng SI,3:37:16
904,Robert HEFFERNAN,3:37:54
905,Robert KORZENIOWSKI,3h38:46
906,Denis NIZHEGORODOV,3h42:50
907,Aleksey VOYEVODIN,3h43:34
908,Robert KORZENIOWSKI,3:43:30
909,Mikhail SHCHENNIKOV,3:43:46
910,Valentin MASSANA,3:44:19
911,Vyacheslav IVANENKO,3:38:29
912,Ronald WEIGEL,3:38:56
913,Hartwig GAUDER,3:39:45
914,Hartwig GAUDER,3:49:24.0
915,Jorge LLOPART,3:51:25.0
916,Yevgeny Mikhaylovich IVCHENKO,3:56:32.0
917,Christoph HÃHNE,4:20:13.6
918,Antal KISS,4:30:17.0
919,Larry YOUNG,4:31:55.4
920,Donald James THOMPSON,4:25:30.0
921,John LJUNGGREN,4:25:47.0
922,Abdon PAMICH,4:27:55.4
923,Giuseppe DORDONI,4:28:07.8
924,Josef DOLEZAL,4:30:17.8
925,Antal RÃKA,4:31:27.2
926,Harold WHITLOCK,4:30:41.4
927,Arthur SCHWAB,4:32:09.2
928,Adalberts BUBENKO,4:32:42.2
929,David Lekuta RUDISHA,1:42.15
930,Taoufik MAKHLOUFI,1:42.61
931,Clayton MURPHY,1:42.93
932,Wilfred BUNGEI,1:44.65
933,Ismail Ahmed ISMAIL,1:44.70
934,Alfred Kirwa YEGO,1:44.82
935,Nils SCHUMANN,01:45.08
936,Wilson KIPKETER,01:45.14
937,Djabir SAID GUERNI,01:45.16
938,William TANUI,1:43.66
939,Nixon KIPROTICH,1:43.70
940,Johnny GRAY,1:43.97
941,Joaquim CRUZ,1:43.00
942,Sebastian COE,1:43.64
943,Earl JONES,1:43.83
944,Alberto JUANTORENA,1:43.50
945,Ivo VAN DAMME,1:43.86
946,Richard Charles WOHLHUTER,1:44.12
947,Ralph DOUBELL,1:44.3
948,Wilson KIPRUGUT,1:44.5
949,Thomas Francis FARRELL,1:45.4
950,Peter SNELL,1:46.3
951,Roger MOENS,1:46.5
952,George KERR,1:47.1
953,Mal WHITFIELD,1:49.2
954,Arthur WINT,1:49.4
955,Heinz ULZHEIMER,1:49.7
956,John WOODRUFF,1:52.9
957,Mario LANZI,1:53.3
958,Philip EDWARDS,1:53.6
959,Douglas LOWE,1:51.8
960,Erik BYLÃHN,1:52.8
961,Hermann ENGELHARD,1:53.2
962,Albert HILL,1:53.4
963,Earl EBY,1:53.6
964,Bevil RUDD,1:54.0
965,Melvin SHEPPARD,1:52.8
966,Emilio LUNGHI,1:54.2
967,Hanns BRAUN,1:55.2
968,Alfred TYSOE,2:01.2
969,John CREGAN,2:01.6
970,David HALL,
971,David Lekuta RUDISHA,1:40.91
972,Nijel AMOS,1:41.73
973,Timothy KITUM,1:42.53
974,Yuriy BORZAKOVSKIY,1:44.45
975,Mbulaeni MULAUDZI,1:44.61
976,Wilson KIPKETER,1:44.65
977,VebjÃ¸rn RODAL,1:42.58
978,Hezekiel SEPENG,1:42.74
979,Fred ONYANCHA,1:42.79
980,Steve OVETT,1:45.4
981,Sebastian COE,1:45.9
982,Nikolai KIROV,1:46.0
983,David James WOTTLE,1:45.86
984,Yevgeni ARZHANOV,1:45.89
985,Mike BOIT,1:46.01
986,Peter SNELL,1:45.1
987,William CROTHERS,1:45.6
988,Wilson KIPRUGUT,1:45.9
989,Thomas COURTNEY,1:47.7
990,Derek JOHNSON,1:47.8
991,Audun BOYSEN,1:48.1
992,Mal WHITFIELD,1:49.2
993,Arthur WINT,1:49.5
994,Marcel HANSENNE,1:49.8
995,Thomas HAMPSON,1:49.8
996,Alex WILSON,1:49.9
997,Philip EDWARDS,
998,Douglas LOWE,1:52.4
999,Paul MARTIN,1:52.6
1000,Schuyler ENCK,1:53.0
1001,James Edwin MEREDITH,1:51.9
1002,Melvin SHEPPARD,1:52.0
1003,Ira DAVENPORT,1:52.0
1004,James LIGHTBODY,1:56.0
1005,Howard VALENTINE,1:56.3
1006,Emil BREITKREUTZ,1:56.4
1007,Edwin FLACK,2:11.0
1008,NÃ¡ndor DÃNI,2:11.8
1009,Dimitrios GOLEMIS,2:28.0
1010,Ashton EATON,8893.0
1011,Kevin MAYER,8834.0
1012,Damian WARNER,8666.0
1013,Bryan CLAY,8791.0
1014,Andrei KRAUCHANKA,8551.0
1015,Leonel SUAREZ,8527.0
1016,Erki NOOL,8641.0
1017,Roman SEBRLE,8606.0
1018,Chris HUFFINS,8595.0
1019,Robert ZMELÃK,8611.0
1020,Antonio PENALVER ASENSIO,8412.0
1021,Dave JOHNSON,8309.0
1022,Daley THOMPSON,8798.0
1023,JÃ¼rgen HINGSEN,8673.0
1024,Siegfried WENTZ,8412.0
1025,Bruce JENNER,8618.0
1026,Guido KRATSCHMER,8411.0
1027,Nikolay AVILOV,8369.0
1028,Bill TOOMEY,8193.0
1029,Hans-Joachim WALDE,8111.0
1030,Kurt BENDLIN,8064.0
1031,Rafer JOHNSON,8392.0
1032,Chuan-Kwang YANG,8334.0
1033,Vasily KUZNETSOV,7809.0
1034,Bob MATHIAS,7887.0
1035,Milton Gray CAMPBELL,6975.0
1036,Floyd SIMMONS,6788.0
1037,Glenn MORRIS,7900.0
1038,Robert Hyatt CLARK,7601.0
1039,Jack PARKER,7275.0
1040,Paavo YRJÃLÃ,8053.29  P.
1041,Aki JÃRVINEN,7931.50  P.
1042,John Kenneth DOHERTY,7706.65  P.
1043,Helge LÃVLAND,6803.355
1044,Brutus HAMILTON,6771.085
1045,Bertil OHLSON,6580.03
1046,Thomas Francis KIELY,6036 P.
1047,Adam GUNN,5907 P.
1048,Truxtun HARE,5813 P.
1049,Ashton EATON,8869.0
1050,Trey HARDEE,8671.0
1051,Leonel SUAREZ,8523.0
1052,Roman SEBRLE,8893.0
1053,Bryan CLAY,8820.0
1054,Dmitriy KARPOV,8725.0
1055,Dan O'BRIEN,8824.0
1056,Frank BUSEMANN,8706.0
1057,TomÃ¡? DVORÃK,8664.0
1058,Christian SCHENK,8488.0
1059,Torsten VOSS,8399.0
1060,Dave STEEN,8328.0
1061,Daley THOMPSON,8495.0
1062,Yuri KUTSENKO,8331.0
1063,Sergei ZHELANOV,8135.0
1064,Nikolay AVILOV,8454.0
1065,Leonid LITVINENKO,8035.0
1066,Ryszard KATUS,7984.0
1067,Willi HOLDORF,7887.0
1068,Rein AUN,7842.0
1069,Hans-Joachim WALDE,7809.0
1070,Milton Gray CAMPBELL,7937.0
1071,Rafer JOHNSON,7587.0
1072,Vasily KUZNETSOV,7465.0
1073,Bob MATHIAS,7139.0
1074,Ignace HEINRICH,6974.0
1075,Floyd SIMMONS,6950.0
1076,Jim BAUSCH,8462.235
1077,Aki JÃRVINEN,8292.48
1078,Wolrad EBERLE,8030.805
1079,Harold OSBORN,7740.775 P.
1080,Emerson NORTON,7350.895 P.
1081,Alexander KLUMBERG-KOLMPERE,7329.33 P.
1082,Hugo WIESLANDER,7724.495 P.
1083,Jim THORPE,8412.955
1084,Charles LOMBERG,7413.510 P.
1085,GÃ¶sta HOLMER,7347.855 P.
1086,Christoph HARTING,68.37
1087,Piotr MALACHOWSKI,67.55
1088,Daniel JASINSKI,67.05
1089,Gerd KANTER,68.82
1090,Piotr MALACHOWSKI,67.82
1091,Virgilijus ALEKNA,67.79
1092,Virgilijus ALEKNA,69.3
1093,Lars RIEDEL,68.5
1094,Frantz KRUGER,68.19
1095,Romas UBARTAS,65.12
1096,JÃ¼rgen SCHULT,64.94
1097,Roberto MOYA,64.12
1098,Rolf DANNEBERG,66.6
1099,Mac WILKINS,66.3
1100,John POWELL,65.46
1101,Mac WILKINS,67.5
1102,Wolfgang SCHMIDT,66.22
1103,John POWELL,65.7
1104,Al OERTER,64.78
1105,Lothar MILDE,63.08
1106,LudvÃ­k DANEK,62.92
1107,Al OERTER,59.18
1108,Rink BABKA,58.02
1109,Richard COCHRAN,57.16
1110,Sim INESS,55.03
1111,Adolfo CONSOLINI,53.78
1112,James DILLION,53.28
1113,Martin SHERIDAN,40.89
1114,Merritt GIFFIN,40.7
1115,Marquis Franklin HORR,39.45
1116,Robert HARTING,68.27
1117,Ehsan HADADI,68.18
1118,Gerd KANTER,68.03
1119,Virgilijus ALEKNA,69.89
1120,Zoltan KOVAGO,67.04
1121,Aleksander TAMMERT,66.66
1122,Lars RIEDEL,69.4
1123,Vladimir DUBROVSHCHIK,66.6
1124,Vasiliy KAPTYUKH,65.8
1125,Viktor RASHCHUPKIN,66.64
1126,Imrich BUGÃR,66.38
1127,Luis DELIS,66.32
1128,Al OERTER,61.0
1129,LudvÃ­k DANEK,60.52
1130,David Lawson WEILL,59.49
1131,John ANDERSON,49.49
1132,Henri LABORDE,48.47
1133,Paul WINTER,47.85
1134,Bud HOUSER,46.155
1135,Vilho Aleksander NIITTYMAA,44.95
1136,Thomas LIEB,44.83
1137,Armas TAIPALE,45.21
1138,Richard Leslie BYRD,42.32
1139,James DUNCAN,42.28
1140,Martin SHERIDAN,39.28
1141,Ralph ROSE,39.28
1142,Nikolaos GEORGANTAS,37.68
1143,Robert GARRETT,29.15
1144,Panagiotis PARASKEVOPOULOS,28.95
1145,Sotirios VERSIS,28.78
1146,Dilshod NAZAROV,78.68
1147,Ivan TSIKHAN,77.79
1148,Wojciech NOWICKI,77.73
1149,Primoz KOZMUS,82.02
1150,Vadim DEVYATOVSKIY,81.61
1151,Ivan TSIKHAN,81.51
1152,Szymon ZIOLKOWSKI,80.02
1153,Nicola VIZZONI,79.64
1154,Igor ASTAPKOVICH,79.17
1155,Andrey ABDUVALIEV,82.54
1156,Igor ASTAPKOVICH,81.96
1157,Igor NIKULIN,81.38
1158,Yuri SEDYKH,77.52
1159,Aleksei SPIRIDONOV,76.08
1160,Anatoli BONDARCHUK,75.48
1161,Vasili RUDENKOV,67.1
1162,Gyula ZSIVÃTZKY,65.79
1163,Tadeusz RUT,65.64
1164,JÃ³zsef CSERMÃK,60.34
1165,Karl STORCH,58.86
1166,Imre NÃMETH,57.74
1167,John FLANAGAN,51.92
1168,Matt MCGRATH,51.18
1169,Cornelius WALSH,48.51
1170,John FLANAGAN,51.01
1171,Truxtun HARE,46.26
1172,Josiah MCCRACKEN,43.58
1173,Krisztian PARS,80.59
1174,Primoz KOZMUS,79.36
1175,Koji MUROFUSHI,78.71
1176,Koji MUROFUSHI,82.91
1177,Esref APAK,79.51
1178,BalÃ¡zs KISS,81.24
1179,Lance Earl DEAL,81.12
1180,Oleksiy KRYKUN,80.02
1181,Oleksandr KRYKUN,80.02
1182,Yuri SEDYKH,81.8
1183,Sergey LITVINOV,80.64
1184,Yuri TAMM,78.96
1185,Romuald KLIM,69.74
1186,Gyula ZSIVÃTZKY,69.09
1187,Uwe BEYER,68.09
1188,Patrick O'CALLAGHAN,53.92
1189,Ville PÃRHÃLÃ,52.27
1190,Peter ZAREMBA,50.33
1191,Fred TOOTELL,53.295
1192,Matt MCGRATH,50.84
1193,Malcolm NOKES,48.875
1194,Matt MCGRATH,54.74
1195,Duncan GILLIS,48.39
1196,Clarence CHILDS,48.17
1197,John FLANAGAN,51.23
1198,John DEWITT,50.26
1199,Ralph ROSE,45.73
1200,Derek DROUIN,2.38
1201,Mutaz Essa BARSHIM,2.36
1202,Bohdan BONDARENKO,2.33
1203,Andrey SILNOV,2.36
1204,Germaine MASON,2.34
1205,Yaroslav RYBAKOV,2.34
1206,Sergey KLYUGIN,2.35
1207,Javier SOTOMAYOR,2.32
1208,Abderrahmane HAMMAD,2.32
1209,Javier SOTOMAYOR,2.34
1210,Patrik SJÃBERG,2.34
1211,Tim FORSYTH,2.34
1212,Artur PARTYKA,2.34
1213,Hollis CONWAY,2.34
1214,Jacek WSZOLA,2.25
1215,Greg JOY,2.23
1216,Dwight STONES,2.21
1217,Robert SHAVLAKADZE,2.16
1218,Valeri BRUMEL,2.16
1219,John THOMAS,2.14
1220,Walt DAVIS,2.04
1221,Kenneth WIESNER,2.01
1222,Jose TELLES DA CONCEICAO,1.98
1223,Harry PORTER,1.9
1224,IstvÃ¡n SOMODI,1.88
1225,Cornelius LEAHY,1.88
1226,Georges ANDRE,1.88
1227,Irving BAXTER,1.9
1228,Patrick LEAHY,1.78
1229,Lajos GÃNCZY,1.75
1230,Ivan UKHOV,2.38
1231,Erik KYNARD,2.33
1232,Derek DROUIN,2.29
1233,Mutaz Essa BARSHIM,2.29
1234,Robert GRABARZ,2.29
1235,Stefan HOLM,2.36
1236,Matt HEMINGWAY,2.34
1237,Jaroslav BABA,2.34
1238,Charles AUSTIN,2.39
1239,Artur PARTYKA,2.37
1240,Steve SMITH,2.35
1241,Gerd WESSIG,2.36
1242,Jacek WSZOLA,2.31
1243,JÃ¶rg FREIMUTH,2.31
1244,Valeri BRUMEL,2.18
1245,John THOMAS,2.18
1246,John RAMBO,2.16
1247,Duncan MCNAUGHTON,1.97
1248,Robert VAN OSDEL,1.97
1249,Simeon TORIBIO,1.97
1250,Harold OSBORN,1.98
1251,Leroy BROWN,1.95
1252,Pierre LEWDEN,1.92
1253,Alma RICHARDS,1.93
1254,Hans LIESCHE,1.91
1255,George HORINE,1.89
1256,Samuel JONES,1.8
1257,Garrett SERVISS,1.77
1258,Paul WEINSTEIN,1.77
1259,Ellery CLARK,1.81
1260,Robert GARRETT,1.65
1261,James CONNOLLY,1.65
1262,Thomas ROHLER,
1263,Julius YEGO,
1264,Keshorn WALCOTT,
1265,Andreas THORKILDSEN,90.57
1266,Ainars KOVALS,86.64
1267,Tero PITKAMAKI,86.16
1268,Jan Å½ELEZNÃ,90.17
1269,Steve BACKLEY,89.85
1270,Sergey MAKAROV,88.67
1271,Jan Å½ELEZNÃ,89.66
1272,Seppo RÃTY,86.6
1273,Steve BACKLEY,83.38
1274,Arto HÃRKÃNEN,86.76
1275,David OTTLEY,85.74
1276,Kenth ELDEBRINK,83.72
1277,Miklos NEMETH,94.58
1278,Hannu Juhani SIITONEN,87.92
1279,Gheorghe MEGELEA,87.16
1280,Viktor TSYBULENKO,84.64
1281,Walter KRÃGER,79.36
1282,Gergely KULCSÃR,78.57
1283,Cy YOUNG,73.78
1284,William Preston MILLER,72.46
1285,Toivo HYYTIÃINEN,71.89
1286,Eric LEMMING,54.83
1287,Arne HALSE,50.57
1288,Otto NILSSON,47.11
1289,Keshorn WALCOTT,84.58
1290,Antti RUUSKANEN,84.12
1291,Andreas THORKILDSEN,86.5
1292,Vadims VASILEVSKIS,84.95
1293,Sergey MAKAROV,84.84
1294,Jan Å½ELEZNÃ,88.16
1295,Steve BACKLEY,87.44
1296,Seppo RÃTY,86.98
1297,Dainis KULA,91.2
1298,Aleksandr MAKAROV,89.64
1299,Wolfgang HANISCH,86.72
1300,Pauli NEVALA,82.66
1301,Gergely KULCSÃR,82.32
1302,Yanis LUSIS,80.57
1303,Matti JÃRVINEN,72.71
1304,Matti SIPPALA,69.8
1305,Eino PENTTILÃ,68.7
1306,Jonni MYYRÃ,62.96
1307,Gunnar LINDSTRÃM,60.92
1308,Eugene OBERST,58.35
1309,Eric LEMMING,60.64
1310,Juho Julius SAARISTO,58.66
1311,Mor KOVACS,55.5
1312,Jeff HENDERSON,8.38
1313,Luvo MANYONGA,8.37
1314,Greg RUTHERFORD,8.29
1315,Irving SALADINO,8.34
1316,Godfrey Khotso MOKOENA,8.24
1317,Ibrahim CAMEJO,8.2
1318,Ivan PEDROSO,8.55
1319,Jai TAURIMA,8.49
1320,Roman SCHURENKO,8.31
1321,Carl LEWIS,8.67
1322,Mike POWELL,8.64
1323,Joe GREENE,8.34
1324,Arnie ROBINSON,8.35
1325,Randel Luvelle WILLIAMS,8.11
1326,Frank WARTENBERG,8.02
1327,Ralph BOSTON,8.12
1328,Irvin ROBERSON,8.11
1329,Igor TER-OVANESYAN,8.04
1330,Jerome BIFFLE,7.57
1331,Meredith GOURDINE,7.53
1332,ÃâdÃÂ¶n FÃâLDESSY,7.3
1333,Jesse OWENS,8.06
1334,Luz LONG,7.87
1335,Naoto TAJIMA,7.74
1336,Edward Barton HAMM,7.73
1337,Sylvio CATOR,7.58
1338,Al BATES,7.4
1339,Frank IRONS,7.48
1340,Daniel KELLY,7.09
1341,Calvin BRICKER,7.08
1342,Alvin KRAENZLEIN,7.185
1343,Meyer PRINSTEIN,7.175
1344,Patrick LEAHY,6.95
1345,Greg RUTHERFORD,8.31
1346,Mitchell WATT,8.16
1347,Will CLAYE,8.12
1348,Dwight PHILLIPS,8.59
1349,John MOFFITT,8.47
1350,Joan Lino MARTINEZ,8.32
1351,Carl LEWIS,8.5
1352,James BECKFORD,8.29
1353,Joe GREENE,8.24
1354,Lutz DOMBROWSKI,8.54
1355,Frank PASCHEK,8.21
1356,Valeri PODLUZHNYI,8.18
1357,Lynn DAVIES,8.07
1358,Ralph BOSTON,8.03
1359,Igor TER-OVANESYAN,7.99
1360,Edward Lansing GORDON,7.64
1361,Lambert REDD,7.6
1362,Chuhei NAMBU,7.45
1363,William De Hart HUBBARD,7.445
1364,Edward Orval GOURDIN,7.275
1365,Sverre HANSEN,7.26
1366,Albert GUTTERSON,7.6
1367,Calvin BRICKER,7.21
1368,Georg ABERG,7.18
1369,Meyer PRINSTEIN,7.34
1370,Daniel FRANK,6.89
1371,Robert STANGLAND,6.88
1372,Ellery CLARK,6.35
1373,Robert GARRETT,6.18
1374,James CONNOLLY,6.11
1375,Eliud Kipchoge ROTICH,02:08:44
1376,Feyisa LILESA,2:09:54
1377,Galen RUPP,2:10:05
1378,Samuel Kamau WANJIRU,2h06:32
1379,Jaouad GHARIB,2h07:16
1380,Tsegay KEBEDE,2h10:00
1381,Gezahegne ABERA,02h10:11
1382,Erick WAINAINA,02h10:31
1383,Tesfaye TOLA,02h11:10
1384,Young-Cho HWANG,2:13:23
1385,Koichi MORISHITA,2:13:45
1386,Stephan FREIGANG,2:14:00
1387,Carlos LOPES,2:09:21
1388,John TREACY,2:09:56
1389,Charles SPEDDING,2:09:58
1390,Waldemar CIERPINSKI,2:09:55.0
1391,Frank Charles SHORTER,2:10:45.8
1392,Karel LISMONT,2:11:12.6
1393,Mamo WOLDE,2:20:26.4
1394,Kenji KIMIHARA,2:23:31.0
1395,Mike RYAN,2:23:45.0
1396,Abebe BIKILA,2:15:16.2
1397,Abdesiem RHADI BEN ABDESSELEM,2:15:41.6
1398,Barry MAGEE,2:17:18.2
1399,Emil ZÃTOPEK,2:23:03.2
1400,Reinaldo GORNO,2:25:35.0
1401,Gustaf JANSSON,2:26:07.0
1402,Kitei SON,2:29:19.2
1403,Ernest HARPER,2:31:23.2
1404,Shoryu NAN,2:31:42.0
1405,BoughÃ¨ra EL OUAFI,2:32.57
1406,Manuel PLAZA,2:33.23
1407,Martti MARTTELIN,2:35.02
1408,Hannes KOLEHMAINEN,2:32:35.8
1409,JÃ¼ri LOSSMANN,2:32:48.6
1410,Valerio ARRI,2:36:32.8
1411,John HAYES,2:55:18.4
1412,Charles HEFFERON,2:56:06.0
1413,Joseph FORSHAW,2:57:10.4
1414,Michel THÃATO,2-59:45.0
1415,Ãmile CHAMPION,3-04:17.0
1416,Ernst FAST,3-37:14.0
1417,Stephen KIPROTICH,2:08:01
1418,Abel KIRUI,2:08:27
1419,Wilson Kipsang KIPROTICH,2:09:37
1420,Stefano BALDINI,2h10:55
1421,Mebrahtom KEFLEZIGHI,2h11:29
1422,Vanderlei DE LIMA,2h12:11
1423,Josia THUGWANE,2:12:36
1424,Bong Ju LEE,2:12:39
1425,Erick WAINAINA,2:12:44
1426,Gelindo BORDIN,2:10:32
1427,Douglas WAKIIHURI,2:10:47
1428,Hussein AHMED SALAH,2:10:59
1429,Waldemar CIERPINSKI,2:11:03.0
1430,Gerard NIJBOER,2:11:20.0
1431,Setymkul DZHUMANAZAROV,2:11:35.0
1432,Frank Charles SHORTER,2:12:19.8
1433,Karel LISMONT,2:14:31.8
1434,Mamo WOLDE,2:15:08.4
1435,Abebe BIKILA,2:12:11.2
1436,Basil HEATLEY,2:16:19.2
1437,Kokichi TSUBURAYA,2:16:22.8
1438,Alain MIMOUN,2:25:00
1439,Franjo MIHALIC,2:26:32
1440,Veikko KARVONEN,2:27:47
1441,Delfo CABRERA,2:34:51.6
1442,Thomas John Henry RICHARDS,2:35:07.6
1443,Etienne GAILLY,2:35:33.6
1444,Juan Carlos ZABALA,2:31:36
1445,Samuel FERRIS,2:31:55
1446,Armas TOIVONEN,2:32:12
1447,Albin STENROOS,2:41:22.6
1448,Romeo BERTINI,2:47:19.6
1449,Clarence DEMAR,2:48:14.0
1450,Kennedy Kane MCARTHUR,2:36:54.8
1451,Christian W. GITSHAM,2:37:52.0
1452,Gaston STROBINO,2:38:42.4
1453,Thomas HICKS,3:28:53.0
1454,Albert CORAY,3:34:52.0
1455,Arthur NEWTON,3:47:33.0
1456,Spyridon LOUIS,2-58:50
1457,Kharilaos VASILAKOS,3-06:03
1458,Gyula KELLNER,3-06:35
1459,Thiago Braz DA SILVA,6.03
1460,Renaud LAVILLENIE,5.98
1461,Sam KENDRICKS,5.85
1462,Steve HOOKER,5.96
1463,Evgeniy LUKYANENKO,5.85
1464,Nick HYSONG,5.9
1465,Lawrence JOHNSON,5.9
1466,Maksim TARASOV,5.9
1467,Maksim TARASOV,5.8
1468,Igor TRANDENKOV,5.8
1469,Javier GARCÃA,5.75
1470,Don BRAGG,4.7
1471,Ronald MORRIS,4.6
1472,Eeles LANDSTRÃM,4.55
1473,Bob RICHARDS,4.55
1474,Don LAZ,4.5
1475,Ragnar Torsten LUNDBERG,4.4
1476,Alfred Carleten GILBERT,3.71
1477,Edward COOK,3.71
1478,Edward ARCHIBALD,3.58
1479,Charles JACOBS,3.58
1480,Bruno SÃDERSTRÃM,3.58
1481,Irving BAXTER,3.3
1482,Meredith COLKETT,3.25
1483,Carl Albert ANDERSEN,3.2
1484,Renaud LAVILLENIE,5.97
1485,Bjorn OTTO,5.91
1486,Raphael HOLZDEPPE,5.91
1487,Timothy MACK,5.95
1488,Toby STEVENSON,5.9
1489,Giuseppe GIBILISCO,5.85
1490,Jean GALFIONE,5.92
1491,Igor TRANDENKOV,5.92
1492,Andrei TIVONTCHIK,5.92
1493,Wladyslaw KOZAKIEWICZ,5.78
1494,Tadeusz SLUSARSKI,5.65
1495,Konstantin VOLKOV,5.65
1496,Fred HANSEN,5.1
1497,Wolfgang REINHARDT,5.05
1498,Klaus LEHNERTZ,5.0
1499,William Waring MILLER,4.315
1500,Shuhei NISHIDA,4.3
1501,George JEFFERSON,4.2
1502,Lee BARNES,3.95
1503,Glenn GRAHAM,3.95
1504,James BROOKER,3.9
1505,Harry Stoddard BABCOCK,3.95
1506,Frank NELSON,3.85
1507,Marc WRIGHT,3.85
1508,William HAPPENNY,3.8
1509,Bertil UGGLA,3.8
1510,Frank MURPHY,3.8
1511,Charles DVORAK,3.5
1512,Leroy SAMSE,3.43
1513,Louis WILKINS,3.43
1514,William Welles HOYT,3.3
1515,Albert TYLER,3.2
1516,Evangelos DAMASKOS,2.6
1517,Ioannis THEODOROPOULOS,2.6
1518,Ryan CROUSER,22.52
1519,Joe KOVACS,21.78
1520,Tomas WALSH,21.36
1521,Tomasz MAJEWSKI,21.51
1522,Christian CANTWELL,21.09
1523,Dylan ARMSTRONG,21.04
1524,Arsi HARJU,21.29
1525,Adam NELSON,21.21
1526,John GODINA,21.2
1527,Mike STULCE,21.7
1528,Jim DOEHRING,20.96
1529,Vyacheslav LYKHO,20.94
1530,Alessandro ANDREI,21.26
1531,Michael D'Andrea CARTER,21.09
1532,Dave LAUT,20.97
1533,William NIEDER,19.68
1534,Parry O'BRIEN,19.11
1535,Dallas LONG,19.01
1536,Parry O'BRIEN,17.41
1537,Darrow Clarence HOOPER,17.39
1538,James FUCHS,17.06
1539,Hans WOELLKE,16.2
1540,Sulo BÃRLUND,16.12
1541,Gerhard STÃCK,15.66
1542,Ralph ROSE,14.21
1543,Denis HORGAN,13.62
1544,John GARRELLS,13.18
1545,Richard SHELDON,14.1
1546,Josiah MCCRACKEN,12.85
1547,Robert GARRETT,12.35
1548,Tomasz MAJEWSKI,21.89
1549,David STORL,21.86
1550,Reese HOFFA,21.23
1551,Adam NELSON,21.16
1552,Joachim Broechner OLSEN,21.07
1553,Manuel MARTINEZ,20.84
1554,Randy BARNES,21.62
1555,John GODINA,20.79
1556,Oleksandr BAGACH,20.75
1557,Vladimir KISELEV,21.35
1558,Aleksandr BARYSHNIKOV,21.08
1559,Udo BEYER,21.06
1560,Dallas LONG,20.33
1561,Randy MATSON,20.2
1562,Vilmos VARJU,19.39
1563,Leo SEXTON,16.0
1564,Harlow ROTHERT,15.67
1565,Franti?ek DOUDA,15.61
1566,Bud HOUSER,14.995
1567,Glenn HARTRANFT,14.895
1568,Ralph HILLS,14.64
1569,Patrick MCDONALD,15.34
1570,Ralph ROSE,15.25
1571,Lawrence WHITNEY,13.93
1572,Ralph ROSE,14.81
1573,Wesley COE,14.4
1574,Lawrence E. Joseph FEUERBACH,13.37
1575,Robert GARRETT,11.22
1576,Miltiadis GOUSKOS,11.2
1577,Georgios PAPASIDERIS,10.36
1578,Christian TAYLOR,17.86
1579,Will CLAYE,17.76
1580,Bin DONG,17.58
1581,Nelson EVORA,17.67
1582,Phillips IDOWU,17.62
1583,Leevan SANDS,17.59
1584,Jonathan EDWARDS,17.71
1585,Yoel GARCÃA,17.47
1586,Denis KAPUSTIN,17.46
1587,Mike CONLEY,18.17
1588,Charles SIMPKINS,17.6
1589,Frank RUTHERFORD,17.36
1590,Jozef SCHMIDT,16.81
1591,Vladimir GORYAYEV,16.63
1592,Vitold KREYER,16.43
1593,Adhemar DA SILVA,16.22
1594,Leonid SHCHERBAKOV,15.98
1595,Arnoldo DEVONISH,15.52
1596,Tim AHEARNE,14.92
1597,Garfield MACDONALD,14.76
1598,Edvard LARSEN,14.39
1599,Meyer PRINSTEIN,14.47
1600,James CONNOLLY,13.97
1601,Lewis SHELDON,13.64
1602,Christian TAYLOR,17.81
1603,Will CLAYE,17.62
1604,Fabrizio DONATO,17.48
1605,Christian OLSSON,17.79
1606,Marian OPREA,17.55
1607,Daniil Sergeyevich BURKENYA,17.48
1608,Kenny HARRISON,18.09
1609,Jonathan EDWARDS,17.88
1610,Yoelvis QUESADA,17.44
1611,Jaak UUDMÃE,17.35
1612,Viktor SANEYEV,17.24
1613,JoÃ£o Carlos DE OLIVEIRA,17.22
1614,Jozef SCHMIDT,16.85
1615,Oleg Georgiyevich FEDOSEYEV,16.58
1616,Viktor KRAVCHENKO,16.57
1617,Chuhei NAMBU,15.72
1618,Eric SVENSSON,15.32
1619,Kenkichi OSHIMA,15.12
1620,Nick WINTER,15.525
1621,Luis BRUNETTO,15.425
1622,Ville TUULOS,15.37
1623,Gustav LINDBLOM,14.76
1624,Georg ABERG,14.51
1625,Erik ALMLÃF,14.17
1626,Meyer PRINSTEIN,14.35
1627,Fred ENGELHARDT,13.9
1628,Robert STANGLAND,13.36
1629,James CONNOLLY,13.71
1630,Alexandre TUFFERI,12.7
1631,Ioannis PERSAKIS,12.52
1632,Almaz AYANA,29:17.45
1633,Vivian Jepkemoi CHERUIYOT,29:32.53
1634,Tirunesh DIBABA,29:42.56
1635,Tirunesh DIBABA,29:54.66
1636,Elvan ABEYLEGESSE,29:56.34
1637,Shalane FLANAGAN,30:22.22
1638,Derartu TULU,30:17.49
1639,Gete WAMI,30:22.48
1640,Fernanda RIBEIRO,30:22.88
1641,Derartu TULU,31:06.02
1642,Elana MEYER,31:11.75
1643,Lynn JENNINGS,31:19.89
1644,Tirunesh DIBABA,30:20.75
1645,Sally Jepkosgei KIPYEGO,30:26.37
1646,Vivian Jepkemoi CHERUIYOT,30:30.44
1647,Huina XING,30:24.36
1648,Ejegayehu DIBABA,30:24.98
1649,Derartu TULU,30:26.42
1650,Fernanda RIBEIRO,31:01.63
1651,Junxia WANG,31:02.58
1652,Gete WAMI,31:06.65
1653,Brianna ROLLINS,12.48
1654,Nia ALI,12.59
1655,Kristi CASTLIN,12.61
1656,Dawn HARPER,12.54
1657,Sally PEARSON,12.64
1658,Priscilla LOPES-SCHLIEP,12.64
1659,Olga SHISHIGINA,12.65
1660,Gloria ALOZIE,12.68
1661,Melissa MORRISON,12.76
1662,Voula PATOULIDOU,12.64
1663,LaVonna MARTIN,12.69
1664,Yordanka DONKOVA,12.7
1665,Benita FITZGERALD-BROWN,12.84
1666,Shirley STRONG,12.88
1667,MichÃ¨le CHARDONNET,13.06
1668,Kim TURNER,13.06
1669,Johanna SCHALLER-KLIER,12.77
1670,Tatiana ANISIMOVA,12.78
1671,Natalya LEBEDEVA,12.8
1672,Sally PEARSON,12.35
1673,Dawn HARPER,12.37
1674,Kellie WELLS,12.48
1675,Joanna HAYES,12.37
1676,Olena KRASOVSKA,12.45
1677,Melissa MORRISON,12.56
1678,Ludmila ENGQUIST,12.58
1679,Brigita BUKOVEC,12.59
1680,Patricia GIRARD,12.65
1681,Vera KOMISOVA,12.56
1682,Johanna SCHALLER-KLIER,12.63
1683,Lucyna LANGER,12.65
1684,Annelie EHRHARDT,12.59
1685,Valeria BUFANU,12.84
1686,Karin RICHERT-BALZER,12.9
1687,Elaine THOMPSON,10.71
1688,Tori BOWIE,10.83
1689,Shelly-Ann FRASER-PRYCE,10.86
1690,Shelly-Ann FRASER-PRYCE,10.78
1691,Sherone SIMPSON,10.98
1692,Kerron STEWART,10.98
1693,Ekaterini THANOU,11.12
1694,Tanya LAWRENCE,11.18
1695,Merlene OTTEY,11.19
1696,Gail DEVERS,10.82
1697,Juliet CUTHBERT,10.83
1698,Irina PRIVALOVA,10.84
1699,Evelyn ASHFORD,10.97
1700,Alice BROWN,11.13
1701,Merlene OTTEY,11.16
1702,Annegret RICHTER-IRRGANG,11.08
1703,Renate STECHER,11.13
1704,Inge HELTEN,11.17
1705,Wyomia TYUS,11.0
1706,Barbara FERRELL,11.1
1707,Irena KIRSZENSTEIN,11.1
1708,Wilma RUDOLPH,11.0
1709,Dorothy HYMAN,11.3
1710,Giuseppina LEONE,11.3
1711,Marjorie JACKSON,11.5
1712,Daphne HASENJAGER,11.8
1713,Shirley STRICKLAND,11.9
1714,Helen STEPHENS,11.5
1715,Stanislawa WALASIEWICZ,11.7
1716,KÃ¤the KRAUSS,11.9
1717,Elizabeth ROBINSON,12.2
1718,Fanny ROSENFELD,
1719,Ethel SMITH,
1720,Shelly-Ann FRASER-PRYCE,10.75
1721,Carmelita JETER,10.78
1722,Veronica CAMPBELL-BROWN,10.81
1723,Yuliya NESTSIARENKA,10.93
1724,Lauryn WILLIAMS,10.96
1725,Veronica CAMPBELL-BROWN,10.97
1726,Gail DEVERS,10.94
1727,Merlene OTTEY,10.94
1728,Gwen TORRENCE,10.96
1729,Lyudmila KONDRATYEVA,11.06
1730,Marlies OELSNER-GÃHR,11.07
1731,Ingrid AUERSWALD-LANGE,11.14
1732,Renate STECHER,11.07
1733,Raelene Ann BOYLE,11.23
1734,Silvia CHIVAS BARO,11.24
1735,Wyomia TYUS,11.4
1736,Edith MCGUIRE,11.6
1737,Ewa KLOBUKOWSKA,11.6
1738,Betty CUTHBERT,11.5
1739,Christa STUBNICK,11.7
1740,Marlene MATHEWS-WILLARD,11.7
1741,Fanny BLANKERS-KOEN,11.9
1742,Dorothy HALL,12.2
1743,Shirley STRICKLAND,12.2
1744,Stanislawa WALASIEWICZ,11.9
1745,Hilda STRIKE,11.9
1746,Wilhelmina VON BREMEN,12.0
1747,Faith Chepngetich KIPYEGON,4:08.92
1748,Genzebe DIBABA,4:10.27
1749,Jennifer SIMPSON,4:10.53
1750,Nancy Jebet LAGAT,4:00.23
1751,Iryna LISHCHYNSKA,4:01.63
1752,Nataliya TOBIAS,4:01.78
1753,Nouria MERAH-BENIDA,04:05.10
1754,Violeta SZEKELY,04:05.15
1755,Gabriela SZABO,04:05.27
1756,Hassiba BOULMERKA,3:55.30
1757,Lyudmila ROGACHOVA,3:56.91
1758,Yunxia QU,3:57.08
1759,Gabriella DORIO,4:03.25
1760,Doina MELINTE,4:03.76
1761,Maricica PUICA,4:04.15
1762,Tatiana KAZANKINA,4:05.48
1763,Gunhild HOFFMEISTER,4:06.02
1764,Ulrike KLAPEZYNSKI-BRUNS,4:06.09
1765,Gamze BULUT,4:10.40
1766,Maryam Yusuf JAMAL,4:10.74
1767,Kelly HOLMES,3:57.90
1768,Tatyana TOMASHOVA,3:58.12
1769,Maria CIONCAN,3:58.39
1770,Svetlana MASTERKOVA,4:00.83
1771,Gabriela SZABO,4:01.54
1772,Theresia KIESL,4:03.02
1773,Tatiana KAZANKINA,3:56.6
1774,Christiane STOLL-WARTENBERG,3:57.8
1775,Nadezhda OLIZARENKO,3:59.6
1776,Lyudmila BRAGINA,4:01.38
1777,Gunhild HOFFMEISTER,4:02.83
1778,Paola PIGNI-CACCHI,4:02.85
1779,Elaine THOMPSON,21.78
1780,Dafne SCHIPPERS,21.88
1781,Tori BOWIE,22.15
1782,Veronica CAMPBELL-BROWN,21.74
1783,Allyson FELIX,21.93
1784,Kerron STEWART,22.00
1785,Pauline DAVIS,22.27
1786,Susanthika JAYASINGHE,22.28
1787,Beverly MCDONALD,22.35
1788,Gwen TORRENCE,21.81
1789,Juliet CUTHBERT,22.02
1790,Merlene OTTEY,22.09
1791,Valerie BRISCO,21.81
1792,Florence GRIFFITH JOYNER,22.04
1793,Merlene OTTEY,22.09
1794,BÃ¤rbel ECKERT-WÃCKEL,22.37
1795,Annegret RICHTER-IRRGANG,22.39
1796,Renate STECHER,22.47
1797,Irena KIRSZENSTEIN,22.5
1798,Raelene Ann BOYLE,22.7
1799,Jennifer LAMY,22.8
1800,Wilma RUDOLPH,24.0
1801,Jutta HEINE,24.4
1802,Dorothy HYMAN,24.7
1803,Marjorie JACKSON,23.7
1804,Bertha BROUWER,24.2
1805,Nadezhda KHNYKINA,24.2
1806,Allyson FELIX,21.88
1807,Shelly-Ann FRASER-PRYCE,22.09
1808,Carmelita JETER,22.14
1809,Veronica CAMPBELL-BROWN,22.05
1810,Allyson FELIX,22.18
1811,Debbie FERGUSON-MCKENZIE,22.3
1812,Marie-JosÃ© PÃREC,22.12
1813,Merlene OTTEY,22.24
1814,Mary ONYALI,22.38
1815,BÃ¤rbel ECKERT-WÃCKEL,22.03
1816,Natalia BOCHINA,22.19
1817,Merlene OTTEY,22.2
1818,Renate STECHER,22.4
1819,Raelene Ann BOYLE,22.45
1820,Irena KIRSZENSTEIN,22.74
1821,Edith MCGUIRE,23.0
1822,Irena KIRSZENSTEIN,23.1
1823,Marilyn BLACK,23.1
1824,Betty CUTHBERT,23.4
1825,Christa STUBNICK,23.7
1826,Marlene MATHEWS-WILLARD,23.8
1827,Fanny BLANKERS-KOEN,24.4
1828,Audrey WILLIAMSON,25.1
1829,Audrey PATTERSON,25.2
1830,Hong LIU,1:28:35
1831,Maria Guadalupe GONZALEZ,1:28:37
1832,Xiuzhi LU,1:28:42
1833,Olga KANISKINA,1h26:31
1834,Kjersti PLAETZER,1h27:07
1835,Elisa RIGAUDO,1h27:12
1836,Liping WANG,01h29:05
1837,Liping WANG,01h29:05
1838,Kjersti PLAETZER,01h29:33
1839,Maria VASCO,01h30:23
1840,Elena LASHMANOVA,1:25:02
1841,Shenjie QIEYANG,1:25:16
1842,Athanasia TSOUMELEKA,1h29:12
1843,Olimpiada IVANOVA,1h29:16
1844,Jane SAVILLE,1h29:25
1845,Ruth JEBET,8:59.75
1846,Hyvin Kiyeng JEPKEMOI,9:07.12
1847,Emma COBURN,9:07.63
1848,Gulnara SAMITOVA,8:58.81
1849,Eunice JEPKORIR,9:07.41
1850,Habiba GHRIBI,9:08.37
1851,Sofia ASSEFA,9:09.84
1852,Milcah Chemos CHEYWA,9:09.88
1853,Dalilah MUHAMMAD,53.13
1854,Sara Slott PETERSEN,53.55
1855,Ashley SPENCER,53.72
1856,Melaine WALKER,52.64
1857,Sheena TOSTA,53.7
1858,Natasha DANVERS,53.84
1859,Irina PRIVALOVA,53.02
1860,Deon Marie HEMMINGS,53.45
1861,Nezha BIDOUANE,53.57
1862,Sally GUNNELL,53.23
1863,Sandra FARMER-PATRICK,53.69
1864,Janeene VICKERS,54.31
1865,Nawal EL MOUTAWAKEL,54.61
1866,Judi BROWN,55.2
1867,Cristina COJOCARU,55.41
1868,Natalya ANTYUKH,52.7
1869,Lashinda DEMUS,52.77
1870,Zuzana HEJNOVA,53.38
1871,Fani KHALKIA,52.82
1872,Ionela TIRLEA,53.38
1873,Tetyana TERESHCHUK,53.44
1874,Deon Marie HEMMINGS,52.82
1875,Kim BATTEN,53.08
1876,Tonja BUFORD-BAILEY,53.22
1877,Shaunae MILLER,49.44
1878,Allyson FELIX,49.51
1879,Shericka JACKSON,49.85
1880,Christine OHURUOGU,49.62
1881,Shericka WILLIAMS,49.69
1882,Sanya RICHARDS-ROSS,49.93
1883,Cathy FREEMAN,49.11
1884,Lorraine FENTON,49.58
1885,Katharine MERRY,49.72
1886,Marie-JosÃ© PÃREC,48.83
1887,Olga BRYZGINA,49.05
1888,Ximena RESTREPO,49.64
1889,Valerie BRISCO,48.83
1890,Chandra CHEESEBOROUGH,49.05
1891,Kathryn SMALLWOOD-COOK,49.42
1892,Irena KIRSZENSTEIN,49.29
1893,Christina BREHMER-LATHAN,50.51
1894,Ellen STROPAHL-STREIDT,50.55
1895,Colette BESSON,52.0
1896,Lillian BOARD,52.1
1897,Natalya CHISTYAKOVA,52.2
1898,Sanya RICHARDS-ROSS,49.55
1899,Christine OHURUOGU,49.7
1900,DeeDee TROTTER,49.72
1901,Tonique WILLIAMS-DARLING,49.41
1902,Ana GUEVARA,49.56
1903,Natalya ANTYUKH,49.89
1904,Marie-JosÃ© PÃREC,48.25
1905,Cathy FREEMAN,48.63
1906,Falilat OGUNKOYA,49.1
1907,Marita KOCH,48.88
1908,Jarmila KRATOHVILOVA,49.46
1909,Christina BREHMER-LATHAN,49.66
1910,Monika ZEHRT,51.08
1911,Rita JAHN,51.21
1912,Kathleen HAMMOND,51.64
1913,Betty CUTHBERT,52.0
1914,Ann PACKER,52.2
1915,Judith Florence AMOORE-POLLOCK,53.4
1916,,41.01
1917,,41.36
1918,,41.77
1919,,42.54
1920,,43.04
1921,,43.14
1922,,41.95
1923,,42.13
1924,,42.2
1925,,42.11
1926,,42.16
1927,,42.81
1928,,41.65
1929,,42.77
1930,,43.11
1931,,42.55
1932,,42.59
1933,,43.09
1934,,42.8
1935,,43.3
1936,,43.4
1937,,44.5
1938,,44.8
1939,,45.0
1940,,45.9
1941,,45.9
1942,,46.2
1943,,46.9
1944,,47.6
1945,,47.8
1946,,48.4
1947,,
1948,,
1949,,40.82
1950,,41.41
1951,,42.04
1952,,41.73
1953,,42.27
1954,,42.54
1955,,41.95
1956,,42.14
1957,,42.24
1958,,41.6
1959,,42.1
1960,,42.43
1961,,42.81
1962,,42.95
1963,,43.36
1964,,43.6
1965,,43.9
1966,,44.0
1967,,44.5
1968,,44.7
1969,,44.9
1970,,47.5
1971,,47.6
1972,,47.8
1973,,47.0
1974,,47.0
1975,,47.6
1976,,
1977,,
1978,,
1979,,3:18.54
1980,,3:20.40
1981,,03:22.62
1982,,03:23.25
1983,,03:23.46
1984,,3:20.20
1985,,3:20.92
1986,,3:24.23
1987,,3:18.29
1988,,3:21.21
1989,,3:22.98
1990,,3:19.23
1991,,3:22.81
1992,,3:24.24
1993,,3:16.87
1994,,3:20.95
1995,,3:23.57
1996,,3:19.01
1997,,3:20.16
1998,,3:22.00
1999,,3:20.91
2000,,3:21.04
2001,,3:21.14
2002,,3:20.2
2003,,3:20.4
2004,,3:27.5
2005,,3:23.0
2006,,3:25.2
2007,,3:26.5
2008,Vivian Jepkemoi CHERUIYOT,14:26.17
2009,Hellen Onsando OBIRI,14:29.77
2010,Almaz AYANA,14:33.59
2011,Tirunesh DIBABA,15:41.40
2012,Elvan ABEYLEGESSE,15:42.74
2013,Meseret DEFAR,15:44.12
2014,Gabriela SZABO,14:40.79
2015,Sonia O'SULLIVAN,14:41.02
2016,Gete WAMI,14:42.23
2017,Meseret DEFAR,15:04.25
2018,Vivian Jepkemoi CHERUIYOT,15:04.73
2019,Tirunesh DIBABA,15:05.15
2020,Meseret DEFAR,14:45.65
2021,Isabella OCHICHI,14:48.19
2022,Tirunesh DIBABA,14:51.83
2023,Junxia WANG,14:59.88
2024,Pauline KONGA,15:03.49
2025,Roberta BRUNET,15:07.52
2026,Caster SEMENYA,1:55.28
2027,Francine NIYONSABA,1:56.49
2028,Margaret Nyairera WAMBUI,1:56.89
2029,Pamela JELIMO,1:54.87
2030,Janeth Jepkosgei BUSIENEI,1:56.07
2031,Hasna BENHASSI,1:56.73
2032,Maria MUTOLA,01:56.15
2033,Stephanie GRAF,01:56.64
2034,Kelly HOLMES,01:56.80
2035,Ellen VAN LANGEN,1:55.54
2036,Liliya NURUTDINOVA,1:55.99
2037,Ana Fidelia QUIROT,1:56.80
2038,Doina MELINTE,1:57.60
2039,Kim GALLAGHER,1:58.63
2040,Fita LOVIN,1:58.83
2041,Tatiana KAZANKINA,1:54.94
2042,Nikolina CHTEREVA,1:55.42
2043,Elfi ZINN,1:55.60
2044,Madeline MANNING-JACKSON,2:00.9
2045,Ileana SILAI,2:02.5
2046,Maria GOMMERS,2:02.6
2047,Lyudmila SHEVTSOVA,2:04.3
2048,Brenda JONES,2:04.4
2049,Ursula DONATH,2:05.6
2050,Mariya SAVINOVA,1:56.19
2051,Caster SEMENYA,1:57.23
2052,Ekaterina POISTOGOVA,1:57.53
2053,Kelly HOLMES,1:56.38
2054,Hasna BENHASSI,1:56.43
2055,Jolanda CEPLAK,1:56.43
2056,Svetlana MASTERKOVA,1:57.73
2057,Ana Fidelia QUIROT,1:58.11
2058,Maria MUTOLA,1:58.71
2059,Nadezhda OLIZARENKO,1:53.5
2060,Olga MINEEVA,1:54.9
2061,Tatiana PROVIDOKHINA,1:55.5
2062,Hildegard FALCK,1:58.55
2063,Niole SABAITE,1:58.65
2064,Gunhild HOFFMEISTER,1:59.19
2065,Ann PACKER,2:01.1
2066,Maryvonne DUPUREUR,2:01.9
2067,Ann Marise CHAMBERLAIN,2:02.8
2068,"Karoline ""Lina"" RADKE",2:16.8
2069,Kinue HITOMI,
2070,Inga GENTZEL,
2071,Sandra PERKOVIC,69.21
2072,Melina ROBERT-MICHON,66.73
2073,Denia CABALLERO,65.34
2074,Stephanie BROWN TRAFTON,64.74
2075,Olena ANTONOVA,62.59
2076,Ellina ZVEREVA,68.4
2077,Anastasia KELESIDOU,65.71
2078,Iryna YATCHENKO,65.2
2079,Maritza MARTEN,70.06
2080,Tsvetanka KHRISTOVA,67.78
2081,Daniela COSTIAN,66.24
2082,Ria STALMAN,65.36
2083,Leslie DENIZ,64.86
2084,Florenta CRACIUNESCU,63.64
2085,Lia MANOLIU,58.28
2086,Liesel WESTERMANN,57.76
2087,Jolan KLEIBER-KONTSEK,54.9
2088,Nina ROMASHKOVA,55.1
2089,Tamara PRESS,52.59
2090,Lia MANOLIU,52.36
2091,Nina ROMASHKOVA,51.42
2092,Yelizaveta BAGRYANTSEVA,47.08
2093,Nina DUMBADZE,46.29
2094,Gisela MAUERMAYER,47.63
2095,Jadwiga WAJS,46.22
2096,Paula MOLLENHAUER,39.8
2097,Halina KONOPACKA,39.62
2098,Lillian COPELAND,37.08
2099,Ruth SVEDBERG,35.92
2100,Sandra PERKOVIC,69.11
2101,Yanfeng LI,67.22
2102,Yarelys BARRIOS,66.38
2103,Natalya SADOVA,67.02
2104,Anastasia KELESIDOU,66.68
2105,Vera POSPISILOVA-CECHLOVA,66.08
2106,Ilke WYLUDDA,69.66
2107,Natalya SADOVA,66.48
2108,Ellina ZVEREVA,65.64
2109,Evelin SCHLAAK-JAHL,69.96
2110,Maria VERGOVA-PETKOVA,67.9
2111,Tatiana LESOVAIA,67.4
2112,Faina MELNIK,66.62
2113,Argentina MENIS,65.06
2114,Vassilka STOEVA,64.34
2115,Tamara PRESS,57.27
2116,Ingrid LOTZ,57.21
2117,Lia MANOLIU,56.97
2118,Micheline OSTERMEYER,41.92
2119,Edera CORDIALE-GENTILE,41.17
2120,Jacqueline MAZEAS,40.47
2121,Lillian COPELAND,40.58
2122,Ruth OSBURN,40.12
2123,Jadwiga WAJS,38.74
2124,Anita WLODARCZYK,82.29
2125,Wenxiu ZHANG,76.75
2126,Sophie HITCHON,74.54
2127,Yipsi MORENO,75.2
2128,Wenxiu ZHANG,74.32
2129,Manuela MONTEBRUN,72.54
2130,Kamila SKOLIMOWSKA,71.16
2131,Olga KUZENKOVA,69.77
2132,Kirsten MÃNCHOW,69.28
2133,Anita WLODARCZYK,77.6
2134,Betty HEIDLER,77.13
2135,Olga KUZENKOVA,75.02
2136,Yipsi MORENO,73.36
2137,Yunaika CRAWFORD,73.16
2138,Nafissatou THIAM,6810.0
2139,Jessica ENNIS HILL,6775.0
2140,Brianne THEISEN EATON,6653.0
2141,Natallia DOBRYNSKA,6733.0
2142,Hyleas FOUNTAIN,6619.0
2143,Tatyana CHERNOVA,6591.0
2144,Denise LEWIS,6584.0
2145,Yelena PROKHOROVA,6531.0
2146,Natalya SAZANOVICH,6527.0
2147,Jackie JOYNER,7044 P.
2148,Irina BELOVA,6845.0
2149,Sabine BRAUN,6649.0
2150,Glynis NUNN,6390.0
2151,Jackie JOYNER,6385.0
2152,Sabine EVERTS,6363.0
2153,Jessica ENNIS HILL,6955.0
2154,Lilli SCHWARZKOPF,6649.0
2155,Tatyana CHERNOVA,6628.0
2156,Carolina KLUFT,6952.0
2157,Austra SKUJYTE,6435.0
2158,Kelly SOTHERTON,6424.0
2159,Ghada SHOUAA,6780.0
2160,Natalya SAZANOVICH,6563.0
2161,Denise LEWIS,6489.0
2162,Jackie JOYNER,7291 P.
2163,Sabine JOHN,6897.0
2164,Anke BEHMER,6858.0
2165,Ruth BEITIA,
2166,Mirela DEMIREVA,
2167,Blanka VLASIC,
2168,Tia HELLEBAUT,2.05
2169,Blanka VLASIC,2.05
2170,Yelena YELESINA,2.01
2171,Hestrie CLOETE,2.01
2172,Kajsa BERGQVIST,1.99
2173,Oana PANTELIMON,1.99
2174,Heike HENKEL,2.02
2175,Galina ASTAFEI,2.0
2176,Joanet QUINTERO,1.97
2177,Rosemarie WITSCHAS-ACKERMANN,1.93
2178,Sara SIMEONI,1.91
2179,Yordanka BLAGOEVA-DIMITROVA,1.91
2180,Iolanda BALAS,1.85
2181,Dorothy SHIRLEY,1.71
2182,Jaroslawa JÃZWIAKOWSKA,1.71
2183,Esther BRAND,1.67
2184,Sheila LERWILL,1.65
2185,Aleksandra CHUDINA,1.63
2186,Ibolya CSÃK,1.6
2187,Dorothy ODAM,1.6
2188,Elfriede KAUN,1.6
2189,Anna CHICHEROVA,2.05
2190,Brigetta BARRETT,2.03
2191,Svetlana SHKOLINA,2.03
2192,Elena SLESARENKO,2.06
2193,Hestrie CLOETE,2.02
2194,Vita STYOPINA,2.02
2195,Stefka KOSTADINOVA,2.05
2196,Niki BAKOGIANNI,2.03
2197,Inha BABAKOVA,2.01
2198,Sara SIMEONI,1.97
2199,Urszula KIELAN,1.94
2200,Jutta KIRST,1.94
2201,Iolanda BALAS,1.9
2202,Michele BROWN,1.8
2203,Taisiya CHENCHIK,1.78
2204,Alice COACHMAN,1.68
2205,Dorothy ODAM,1.68
2206,Micheline OSTERMEYER,1.61
2207,Jean SHILEY,1.65
2208,Mildred DIDRIKSON,1.65
2209,Eva DAWES,1.6
2210,Sara KOLAK,66.18
2211,Sunette VILJOEN,64.92
2212,Barbora SPOTAKOVA,64.8
2213,Barbora SPOTAKOVA,71.42
2214,Christina OBERGFOLL,66.13
2215,Trine HATTESTAD,68.91
2216,Mirela MANIANI,67.51
2217,Osleidys MENÃNDEZ,66.18
2218,Silke RENK,68.34
2219,Natalia SHIKOLENKO,68.26
2220,Karen FORKEL,66.86
2221,Ruth FUCHS,65.94
2222,Marion BECKER-STEINER,64.7
2223,Kathryn Joan SCHMIDT,63.96
2224,Angela NEMETH,60.36
2225,Mihaela PENES,59.92
2226,Eva JANKO-EGGER,58.04
2227,Elvira OZOLINA,55.98
2228,Dana INGROVA-ZATOPKOVA,53.78
2229,Birute KALEDIENE,53.45
2230,Dana INGROVA-ZATOPKOVA,50.47
2231,Aleksandra CHUDINA,50.01
2232,Yelena GORCHAKOVA,49.76
2233,Tilly FLEISCHER,45.18
2234,Luise KRÃGER,43.29
2235,Maria KWASNIEWSKA,41.8
2236,Barbora SPOTAKOVA,69.55
2237,Christina OBERGFOLL,65.16
2238,Linda STAHL,64.91
2239,Osleidys MENÃNDEZ,71.53
2240,Steffi NERIUS,65.82
2241,Mirela MANIANI,64.29
2242,Heli RANTANEN,67.94
2243,Louise MCPAUL,65.54
2244,Trine HATTESTAD,64.98
2245,Maria COLON,68.4
2246,Saida GUNBA,67.76
2247,Ute HOMMOLA,66.56
2248,Ruth FUCHS,63.88
2249,Jacqueline TODTEN,62.54
2250,Kathryn Joan SCHMIDT,59.94
2251,Mihaela PENES,60.54
2252,Marta ANTAL-RUDAS,58.27
2253,Yelena GORCHAKOVA,57.06
2254,Herma BAUMA,45.57
2255,Kaisa PARVIAINEN,43.79
2256,Lily CARLSTEDT,42.08
2257,Mildred DIDRIKSON,43.68
2258,Ellen BRAUMÃLLER,43.49
2259,Tilly FLEISCHER,43.0
2260,Tianna BARTOLETTA,7.17
2261,Brittney REESE,7.15
2262,Ivana SPANOVIC,7.08
2263,Maurren Higa MAGGI,7.04
2264,Blessing OKAGBARE,6.91
2265,Heike DRECHSLER,6.99
2266,Fiona MAY,6.92
2267,Tatyana KOTOVA,6.83
2268,Heike DRECHSLER,7.14
2269,Inessa KRAVETS,7.12
2270,Jackie JOYNER,7.07
2271,Angela VOIGT,6.72
2272,Catherine Laverne MCMILLAN,6.66
2273,Lidia ALFEEVA,6.6
2274,Vera KOLASHNIKOVA-KREPKINA,6.37
2275,Elzbieta KRZESINSKA,6.27
2276,Hildrun CLAUS,6.21
2277,Yvette WILLIAMS,6.24
2278,Aleksandra CHUDINA,6.14
2279,Shirley CAWLEY,5.92
2280,Brittney REESE,7.12
2281,Elena SOKOLOVA,7.07
2282,Janay DELOACH,6.89
2283,Tatyana LEBEDEVA,7.07
2284,Irina SIMAGINA,7.05
2285,Tatyana KOTOVA,7.05
2286,Chioma AJUNWA,7.12
2287,Fiona MAY,7.02
2288,Jackie JOYNER,7.0
2289,Tatiana KOLPAKOVA,7.06
2290,Brigitte WUJAK,7.04
2291,Tatiana SKACHKO,7.01
2292,Mary RAND,6.76
2293,Irena KIRSZENSTEIN,6.6
2294,Tatyana SHCHELKANOVA,6.42
2295,Jemima Jelagat SUMGONG,2:24:04
2296,Eunice Jepkirui KIRWA,2:24:13
2297,Mare DIBABA,2:24:30
2298,Constantina TOMESCU,2h26:44
2299,Catherine NDEREBA,2h27:06
2300,Chunxiu ZHOU,2h27:07
2301,Naoko TAKAHASHI,02h23:14
2302,Lidia SIMON,02h23:22
2303,Joyce CHEPCHUMBA,02h24:45
2304,Valentina YEGOROVA,2:32:41
2305,Yuko ARIMORI,2:32:49
2306,Lorraine MOLLER,2:33:59
2307,Joan BENOIT,2:24:52
2308,Grete ANDERSEN,2:26:18
2309,Rosa MOTA,2:26:57
2310,Tiki GELANA,2:23:07
2311,Priscah JEPTOO,2:23:12
2312,Tatyana PETROVA ARKHIPOVA,2:23:29
2313,Mizuki NOGUCHI,2h26:20
2314,Catherine NDEREBA,2h26:32
2315,Deena KASTOR,2h27:20
2316,Fatuma ROBA,2:26:05
2317,Valentina YEGOROVA,2:28:05
2318,Yuko ARIMORI,2:28:39
2319,Rosa MOTA,2:25:40
2320,Lisa ONDIEKI,2:25:53
2321,Katrin DÃRRE,2:26:21
2322,Ekaterini STEFANIDI,4.85
2323,Sandi MORRIS,4.85
2324,Eliza MCCARTNEY,4.8
2325,Yelena ISINBAEVA,5.05
2326,Jennifer SUHR,4.8
2327,Svetlana FEOFANOVA,4.75
2328,Stacy DRAGILA,4.6
2329,Tatiana GRIGORIEVA,4.55
2330,Vala FLOSADÃTTIR,4.5
2331,Jennifer SUHR,4.75
2332,Yarisley SILVA,4.75
2333,Yelena ISINBAEVA,4.7
2334,Yelena ISINBAEVA,4.91
2335,Svetlana FEOFANOVA,4.75
2336,Anna ROGOWSKA,4.7
2337,Michelle CARTER,20.63
2338,Valerie ADAMS,20.42
2339,Anita MARTON,19.87
2340,Valerie ADAMS,20.56
2341,Yanina KAROLCHIK,20.56
2342,Larisa PELESHENKO,19.92
2343,Astrid KUMBERNUSS,19.62
2344,Svetlana KRIVELYOVA,21.06
2345,Zhihong HUANG,20.47
2346,Kathrin NEIMKE,19.78
2347,Claudia LOSCH,20.48
2348,Mihaela LOGHIN,20.47
2349,Gael MARTIN,19.19
2350,Ivanka KHRISTOVA,21.16
2351,Nadezhda CHIZHOVA,20.96
2352,Helena FIBINGEROVÃ,20.67
2353,Margitta HELMBOLD-GUMMEL,19.61
2354,Marita LANGE,18.78
2355,Nadezhda CHIZHOVA,18.19
2356,Tamara PRESS,17.32
2357,Johanna LÃTTGE,16.61
2358,Earlene BROWN,16.42
2359,Galina ZYBINA,15.28
2360,Marianne WERNER,14.57
2361,Klavdiya TOCHENOVA,14.5
2362,Valerie ADAMS,20.7
2363,Lijiao GONG,20.22
2364,Yumileidi CUMBA,19.59
2365,Nadine KLEINERT-SCHMITT,19.55
2366,Astrid KUMBERNUSS,20.56
2367,Xinmei SUI,19.88
2368,Irina KHUDOROZHKINA,19.35
2369,Ilona SCHOKNECHT-SLUPIANEK,22.41
2370,Esfira DOLCHENKO-KRACHEVSKAYA,21.42
2371,Margitta DROESE-PUFE,21.2
2372,Nadezhda CHIZHOVA,21.03
2373,Margitta HELMBOLD-GUMMEL,20.22
2374,Ivanka KHRISTOVA,19.35
2375,Tamara PRESS,18.14
2376,Renate GARISCH-CULMBERGER-BOY,17.61
2377,Galina ZYBINA,17.45
2378,Caterine IBARGUEN,15.17
2379,Yulimar ROJAS,14.98
2380,Olga RYPAKOVA,14.74
2381,Francoise MBANGO ETONE,15.39
2382,Tereza MARINOVA,15.2
2383,Tatyana LEBEDEVA,15.0
2384,Olena HOVOROVA,14.96
2385,Olga RYPAKOVA,14.98
2386,Caterine IBARGUEN,14.8
2387,Olga SALADUKHA,14.79
2388,Francoise MBANGO ETONE,15.3
2389,Hrysopiyi DEVETZI,15.25
2390,Tatyana LEBEDEVA,15.14
2391,Inessa KRAVETS,15.33
2392,Inna LASOVSKAYA,14.98
2393,Sarka KASPARKOVA,14.98
